url_path,views_total,views_unique
/Institute-Eng-and-Comp-Mechanics-UStgt/ApHIN,7,4
/Institute-Eng-and-Comp-Mechanics-UStgt/ApHIN/blob/main/aphin/layers/lti_layer.py,6,1
/Institute-Eng-and-Comp-Mechanics-UStgt/ApHIN/tree/main/aphin,6,1
/Institute-Eng-and-Comp-Mechanics-UStgt/ApHIN/blob/main/aphin/identification/ph_basemodel.py,5,1
/Institute-Eng-and-Comp-Mechanics-UStgt/ApHIN/blob/main/aphin/identification/phin.py,5,1
/Institute-Eng-and-Comp-Mechanics-UStgt/ApHIN/tree/main/aphin/layers,4,1
/Institute-Eng-and-Comp-Mechanics-UStgt/ApHIN/blob/main/aphin/identification/aphin.py,3,1
/Institute-Eng-and-Comp-Mechanics-UStgt/ApHIN/blob/main/aphin/layers/ph_layer.py,3,1
/Institute-Eng-and-Comp-Mechanics-UStgt/ApHIN/blob/main/aphin/layers/descriptor_ph_layer.py,2,1
/Institute-Eng-and-Comp-Mechanics-UStgt/ApHIN/blob/main/examples/mass_spring_damper/mass_spring_damper.py,2,1
